[
  {
    "id": "1",
    "title": "Camiseta Deportiva",
    "description": "Camiseta deportiva de alta calidad",
    "code": "CAM123",
    "price": 16999.99,
    "status": true,
    "stock": 100,
    "category": "Ropa",
    "thumbnails": [
      "img/camiseta1.jpg",
      "img/camiseta2.jpg"
    ]
  },
  {
    "id": "2",
    "title": "Zapatillas Running",
    "description": "Zapatillas ligeras y cómodas para correr",
    "code": "ZAP456",
    "price": 49999.99,
    "status": true,
    "stock": 60,
    "category": "Calzado",
    "thumbnails": [
      "img/zapatillas1.jpg",
      "img/zapatillas2.jpg"
    ]
  },
  {
    "id": "3",
    "title": "Pantalones Deportivos",
    "description": "Pantalones deportivos de material transpirable",
    "code": "PAN789",
    "price": 28999.99,
    "status": true,
    "stock": 40,
    "category": "Ropa",
    "thumbnails": [
      "img/pantalones1.jpg",
      "img/pantalones2.jpg"
    ]
  },
  {
    "id": "4",
    "title": "Gorra Casual",
    "description": "Gorra casual para uso diario",
    "code": "GOR012",
    "price": 14999.99,
    "status": true,
    "stock": 60,
    "category": "Accesorios",
    "thumbnails": [
      "img/gorra1.jpg",
      "img/gorra2.jpg"
    ]
  },
  {
    "id": "5",
    "title": "Mochila Deportiva",
    "description": "Mochila resistente y espaciosa",
    "code": "MOC345",
    "price": 39999.99,
    "status": true,
    "stock": 40,
    "category": "Accesorios",
    "thumbnails": [
      "img/mochila1.jpg",
      "img/mochila2.jpg"
    ]
  },
  {
    "id": "8589d206-eeff-4e64-af88-d08f24f5935e",
    "title": "Pelota de futbol profesional",
    "description": "Pelota profesional Adidas 43",
    "code": "PEL345",
    "price": 79999.99,
    "status": true,
    "stock": 60,
    "category": "Deportes",
    "thumbnails": [
      "img/pelota1.jpg",
      "img/pelota2.jpg"
    ]
  },
  {
    "id": "08539a62-a273-4c9f-a442-44d6bb31108f",
    "title": "Pelota rugby",
    "description": "Pelota Wilson de rugby profesional",
    "code": "PEL457",
    "price": 89999.99,
    "status": true,
    "stock": 10,
    "category": "Deportes",
    "thumbnails": [
      "img/pelo.jpg",
      "img/pelo1.jpg",
      "img/pelo2.jpg"
    ]
  },
  {
    "id": "99cd85a7-f93d-44e5-929f-1ae90055e822",
    "title": "Camiseta rayada",
    "description": "Camiseta rayada celeste y blanca",
    "code": "CAM1023",
    "price": 36999.99,
    "status": true,
    "stock": 100,
    "category": "Ropa",
    "thumbnails": [
      "img/camiseta1.jpg",
      "img/camiseta2.jpg"
    ]
  },
  {
    "title": "Camisa",
    "price": "10000"
  },
  {
    "title": "Pelota de handball",
    "price": "49999"
  },
  {
    "id": "c4463efd-8de4-44cb-895e-2763e4270982",
    "title": "Musculosa Rugrats",
    "description": "Gris oscuro",
    "code": "MUS123",
    "price": 16999.99,
    "status": true,
    "stock": 50,
    "category": "Ropa",
    "thumbnails": [
      "img/musculosa1.jpg",
      "img/musculosa2.jpg"
    ]
  },
  {
    "id": "5ad8fdfb-2e23-4356-b9d0-e72d3fdd7b7d",
    "title": "Camiseta River",
    "description": "Camiseta River Adidas",
    "code": "CAM163",
    "price": 89999.99,
    "status": true,
    "stock": 20,
    "category": "Ropa",
    "thumbnails": [
      "img/camiseta1.jpg",
      "img/camiseta2.jpg"
    ]
  }
]